YearsExperience,JobLevel,Education,Remote,CompanySize_Small,CompanySize_Medium,CompanySize_Large,Salary,Salary_estrato
0.0,5,1,1,0,0,1,78308.71,2
12.4,4,1,1,0,0,1,92835.25,3
6.7,2,1,0,0,0,1,75619.52,2
40.0,3,0,0,0,1,0,119105.3,4
0.0,4,3,0,1,0,0,85813.05,3
2.8,3,3,1,0,1,0,72445.7,1
23.3,5,1,0,1,0,0,122006.4,4
6.7,2,2,0,0,0,1,75924.12,2
15.4,3,1,0,0,0,1,92047.18,3
25.4,2,0,0,0,1,0,90575.12,3
31.5,1,1,1,0,1,0,107686.4,4
17.5,1,1,0,0,1,0,72609.31,1
0.0,1,1,0,0,1,0,38952.3,0
21.1,2,3,0,0,0,1,92408.0,3
0.0,3,1,1,1,0,0,67765.94,1
0.0,2,2,1,0,0,1,65711.82,1
31.9,1,1,0,0,1,0,93123.34,3
0.0,1,2,0,1,0,0,37595.17,0
10.1,2,1,0,0,0,1,69893.51,1
14.399999999999999,1,2,0,0,0,1,79977.73,2
9.6,1,1,1,1,0,0,60136.61,0
21.6,1,2,0,1,0,0,86158.81,3
10.1,2,1,0,1,0,0,65490.99,1
14.7,4,2,0,1,0,0,98137.06,3
30.9,1,2,0,0,0,1,106112.71,4
7.0,1,1,0,1,0,0,60957.1,0
19.6,3,0,0,1,0,0,95994.4,3
3.0,2,1,0,0,0,1,63764.45,1
16.7,4,1,0,0,1,0,97914.73,3
6.8,1,2,0,0,1,0,51655.19,0
14.8,2,3,1,0,1,0,83099.95,2
28.4,4,2,0,0,0,1,134218.11,4
13.5,2,1,1,0,1,0,76244.88,2
11.9,1,1,1,0,0,1,67337.39,1
13.5,1,1,0,1,0,0,60562.25,0
13.3,3,1,0,0,1,0,84987.74,2
0.0,3,0,0,1,0,0,53854.07,0
28.700000000000003,5,0,1,0,0,1,119793.66,4
11.399999999999999,5,2,0,0,0,1,97665.28,3
8.7,4,1,0,0,0,1,86785.81,3
21.2,3,1,1,1,0,0,101786.02,4
8.9,2,1,0,0,0,1,66883.13,1
28.0,1,1,0,1,0,0,97233.83,3
40.0,4,0,0,0,0,1,136089.09,4
0.0,4,1,1,0,0,1,71964.07,1
7.5,2,1,1,0,0,1,65472.4,1
23.2,5,2,1,1,0,0,126537.89,4
21.9,4,0,1,1,0,0,105627.49,4
16.8,3,1,1,0,0,1,96216.88,3
18.7,2,0,0,0,0,1,82841.06,2
6.9,3,2,0,0,1,0,71802.68,1
25.2,3,0,1,0,1,0,96087.34,3
38.2,3,3,0,0,1,0,131123.82,4
16.7,2,1,0,1,0,0,72514.48,1
0.0,2,1,0,0,1,0,52362.31,0
7.9,1,1,0,0,1,0,56077.6,0
20.6,4,2,0,0,1,0,107677.63,4
25.700000000000003,2,0,0,0,1,0,92955.98,3
14.0,5,0,0,1,0,0,84553.72,2
17.1,4,1,1,0,1,0,102322.32,4
21.1,4,3,0,1,0,0,110540.78,4
27.9,2,1,0,0,1,0,103024.56,4
17.1,3,2,0,1,0,0,86819.06,3
13.9,3,3,0,0,1,0,92495.64,3
3.0,1,0,0,1,0,0,42308.47,0
0.0,3,1,0,1,0,0,55246.94,0
26.2,1,1,0,0,0,1,97485.32,3
5.6,3,2,1,0,1,0,75047.9,2
34.5,3,2,0,0,0,1,121417.34,4
15.2,3,2,0,1,0,0,85060.56,2
0.0,5,0,0,1,0,0,62981.96,1
22.1,1,1,1,0,0,1,86497.88,3
6.2,3,1,0,1,0,0,70460.3,1
6.0,2,1,1,0,1,0,56753.42,0
10.9,1,1,0,1,0,0,66392.29,1
11.3,2,1,0,0,1,0,63683.28,1
9.7,5,3,0,0,0,1,102197.35,4
0.0,3,0,1,0,1,0,57558.06,0
11.7,3,1,0,1,0,0,89604.66,3
12.2,2,2,0,1,0,0,82188.28,2
40.0,2,1,1,1,0,0,124227.58,4
4.7,2,1,1,0,1,0,50621.08,0
11.4,3,3,0,0,0,1,91080.9,3
18.2,1,0,1,1,0,0,64520.99,1
16.2,2,0,0,0,1,0,74450.36,2
20.8,4,0,0,1,0,0,86185.66,3
16.3,3,2,1,1,0,0,90301.67,3
3.6999999999999993,4,1,0,0,1,0,65680.64,1
26.8,4,1,1,0,1,0,115240.07,4
13.5,2,1,0,0,1,0,73940.14,1
8.3,2,3,0,0,1,0,64854.41,1
7.3,1,1,1,0,0,1,62903.08,1
13.3,2,2,0,0,0,1,84991.13,2
27.3,1,3,0,0,1,0,94497.97,3
3.5,2,1,0,0,1,0,63729.61,1
33.9,4,1,0,0,1,0,133155.98,4
19.4,2,2,0,0,1,0,85172.03,2
13.4,2,1,1,0,1,0,76002.62,2
15.799999999999997,2,1,0,1,0,0,90331.15,3
18.8,4,2,1,0,0,1,112056.14,4
22.3,1,1,0,0,1,0,83273.94,2
5.2,1,2,0,0,1,0,52006.41,0
35.0,1,0,0,0,0,1,104107.58,4
24.1,4,1,0,1,0,0,104240.68,4
7.9,1,2,0,1,0,0,65549.48,1
14.0,1,1,0,0,1,0,64647.08,1
9.4,2,2,0,0,1,0,71230.2,1
2.6,1,1,0,0,0,1,47512.74,0
17.6,2,1,0,0,0,1,76430.71,2
8.4,1,1,1,0,1,0,60750.55,0
18.5,4,1,0,0,0,1,98957.33,3
22.0,1,1,0,0,0,1,83335.54,2
20.4,1,1,1,0,1,0,84423.13,2
0.0,3,1,1,0,0,1,59215.44,0
14.7,3,0,1,0,1,0,80919.1,2
1.2,2,1,1,0,0,1,74955.1,2
3.2,2,1,0,1,0,0,51293.64,0
3.8,1,3,0,0,1,0,45757.94,0
5.9,4,3,0,0,0,1,100048.27,4
4.5,3,3,1,1,0,0,80204.82,2
0.0,3,1,0,1,0,0,61435.09,0
14.1,1,0,1,0,0,1,69368.96,1
6.9,3,3,1,0,1,0,76529.76,2
8.7,2,0,0,0,1,0,57520.11,0
9.0,3,2,0,0,1,0,79294.93,2
16.2,4,0,0,0,1,0,77800.57,2
29.5,2,2,0,0,1,0,111631.25,4
5.7,3,1,0,1,0,0,69769.7,1
8.7,1,1,0,1,0,0,59952.83,0
2.4,2,0,0,1,0,0,46335.12,0
18.8,4,2,0,0,1,0,94716.13,3
27.5,1,0,1,1,0,0,98114.36,3
1.0,3,2,1,0,1,0,68413.54,1
19.9,2,3,0,0,1,0,99689.18,4
21.4,5,1,1,0,1,0,116116.12,4
17.6,4,1,0,0,1,0,100043.23,4
20.0,2,0,0,0,0,1,89387.06,3
7.7,1,1,0,1,0,0,48785.77,0
3.4,3,1,0,1,0,0,58384.67,0
30.6,1,2,0,0,0,1,95536.21,3
8.1,1,2,0,0,1,0,60134.04,0
12.3,2,2,0,1,0,0,80438.49,2
19.1,3,1,0,0,0,1,91329.97,3
13.9,1,2,1,0,0,1,78839.54,2
25.0,4,2,0,1,0,0,118750.36,4
0.0,2,1,1,1,0,0,36758.49,0
0.0,3,1,0,0,0,1,63767.36,1
6.600000000000001,1,0,0,0,0,1,63410.27,1
8.5,2,1,0,1,0,0,62979.3,1
7.2,2,1,0,1,0,0,71589.12,1
13.4,1,2,0,0,1,0,65018.09,1
2.5,4,0,1,0,1,0,68357.81,1
24.3,4,2,0,0,1,0,119207.17,4
23.8,2,1,0,0,0,1,98818.6,3
17.4,5,2,1,0,0,1,109349.68,4
5.8,1,0,0,0,0,1,57054.83,0
27.4,1,0,0,1,0,0,80712.13,2
13.0,3,0,0,0,0,1,79915.2,2
20.4,1,2,0,0,1,0,90538.9,3
4.4,3,2,1,0,1,0,74223.77,1
1.2,3,0,1,1,0,0,62555.86,0
16.9,4,2,0,1,0,0,104514.06,4
32.3,1,0,0,0,1,0,89651.12,3
19.1,5,3,0,0,1,0,105493.99,4
24.7,1,1,1,1,0,0,95135.66,3
20.0,4,0,1,0,1,0,94485.02,3
5.4,2,3,0,0,1,0,75096.65,2
11.3,1,3,0,0,1,0,74579.6,2
22.5,2,1,0,0,0,1,106134.45,4
26.700000000000003,4,1,0,0,0,1,109866.61,4
13.5,2,0,1,1,0,0,64937.96,1
0.0,1,1,0,0,1,0,36542.41,0
22.1,3,1,0,0,1,0,98624.47,3
21.0,1,1,0,0,0,1,77786.37,2
18.2,2,2,1,0,0,1,101146.92,4
0.0,1,0,0,0,0,1,52855.78,0
10.5,3,0,0,0,0,1,73948.42,1
0.0,4,1,0,0,1,0,63525.52,1
10.5,1,1,1,0,1,0,71707.04,1
24.7,1,2,1,0,1,0,85253.9,2
22.700000000000003,3,1,0,0,0,1,102332.92,4
17.2,1,0,0,0,1,0,80442.9,2
27.9,4,1,0,0,1,0,111018.79,4
18.0,4,1,1,0,1,0,100251.64,4
28.3,5,2,0,1,0,0,128778.17,4
19.5,3,1,1,1,0,0,86274.09,3
2.6,3,1,1,1,0,0,70258.64,1
0.0,2,0,1,1,0,0,41377.58,0
10.1,3,1,1,1,0,0,74101.53,1
10.5,2,1,0,0,1,0,67789.77,1
20.799999999999997,1,0,0,0,0,1,68954.99,1
27.200000000000003,2,0,1,0,1,0,94668.63,3
28.7,4,2,0,0,0,1,125644.01,4
0.0,1,2,0,0,1,0,54064.76,0
15.5,1,2,1,0,1,0,72603.29,1
14.9,1,2,0,0,1,0,77126.22,2
5.0,1,2,0,1,0,0,52849.54,0
0.0,1,1,0,0,0,1,45293.06,0
0.0,4,2,0,1,0,0,73397.2,1
0.0,1,1,0,1,0,0,47018.58,0
4.8,1,1,0,0,0,1,56785.14,0
17.4,2,0,0,0,0,1,79509.82,2
8.2,3,0,0,0,0,1,69247.11,1
2.8,4,3,0,1,0,0,76132.75,2
0.0,4,1,1,1,0,0,78693.81,2
10.1,1,2,1,1,0,0,68052.88,1
15.0,1,1,1,1,0,0,76059.49,2
3.4,1,1,1,0,0,1,50494.42,0
7.6,4,2,0,0,0,1,81170.88,2
12.2,2,2,1,0,0,1,90575.7,3
24.9,3,1,0,0,0,1,102818.84,4
13.5,2,0,0,1,0,0,70115.05,1
4.4,1,1,1,0,0,1,49574.35,0
40.0,1,2,1,0,1,0,122379.85,4
0.9,1,1,0,0,0,1,49533.47,0
18.9,2,3,1,0,0,1,96319.05,3
6.2,1,2,1,0,0,1,69155.71,1
1.2,2,1,0,0,0,1,56946.55,0
0.0,2,0,0,0,0,1,47794.88,0
20.4,4,1,1,1,0,0,106179.78,4
4.8,4,1,0,1,0,0,71226.35,1
22.4,1,0,0,0,0,1,76500.27,2
12.5,2,1,0,1,0,0,69945.84,1
13.4,1,1,0,0,0,1,67761.21,1
23.7,1,1,1,0,1,0,89810.63,3
27.8,2,2,0,1,0,0,107837.08,4
21.4,3,1,0,0,1,0,103310.87,4
24.8,4,2,1,0,1,0,116440.96,4
15.6,2,0,0,0,1,0,72730.77,1
0.0,1,1,0,1,0,0,36191.83,0
23.6,4,1,1,0,1,0,109144.43,4
15.700000000000003,3,1,1,0,1,0,79625.56,2
16.5,3,2,0,1,0,0,94520.61,3
13.5,1,1,0,0,1,0,64920.15,1
21.0,2,1,0,0,1,0,75318.51,2
9.6,1,1,0,0,1,0,57986.03,0
26.0,4,1,1,1,0,0,112293.5,4
21.7,2,1,1,0,0,1,87608.75,3
5.9,1,2,0,0,1,0,62017.93,0
13.9,3,0,0,0,0,1,67765.5,1
16.4,4,0,1,0,1,0,103557.73,4
0.0,1,2,1,0,1,0,51458.23,0
11.1,1,1,0,0,1,0,57433.03,0
5.9,3,1,0,0,0,1,72666.51,1
14.4,3,1,1,0,1,0,83795.42,2
2.8,3,3,1,1,0,0,72595.1,1
14.9,4,1,1,0,0,1,110550.91,4
0.0,2,1,1,0,1,0,63965.91,1
8.899999999999999,2,2,0,0,0,1,67907.57,1
10.8,1,2,1,0,1,0,64662.57,1
3.5,2,1,1,0,0,1,61080.35,0
15.3,3,1,0,0,1,0,89329.93,3
19.1,1,1,0,0,0,1,79621.27,2
20.7,1,3,0,0,1,0,89348.0,3
0.0,2,1,1,0,1,0,54119.72,0
23.9,5,1,1,0,0,1,119001.77,4
23.8,5,0,1,0,1,0,121542.72,4
23.3,2,0,1,0,1,0,91400.61,3
10.9,3,0,0,0,0,1,67439.55,1
10.5,2,0,1,0,0,1,79236.01,2
8.6,1,1,0,0,0,1,50727.44,0
15.6,2,2,1,0,1,0,87106.64,3
4.3,1,1,0,0,1,0,47953.12,0
5.2,1,2,1,0,0,1,75004.92,2
7.899999999999999,1,1,0,0,0,1,62885.9,1
21.3,4,2,0,1,0,0,105194.86,4
1.1,3,1,0,0,1,0,63974.75,1
24.4,3,2,0,1,0,0,100498.85,4
1.3,1,1,1,1,0,0,45696.71,0
33.4,3,0,0,1,0,0,120493.64,4
28.2,2,3,1,0,1,0,107512.15,4
30.7,4,1,1,0,1,0,124555.06,4
4.4,2,1,0,0,1,0,55588.39,0
19.0,1,2,0,1,0,0,82001.94,2
7.2,5,1,0,1,0,0,92322.02,3
6.6,3,3,1,0,0,1,84634.66,2
18.4,5,1,1,1,0,0,117679.18,4
10.2,4,3,0,1,0,0,87308.43,3
16.2,3,1,0,0,0,1,89126.82,3
12.6,2,1,0,0,0,1,70946.36,1
0.0,3,2,1,0,0,1,63886.1,1
20.0,2,2,1,0,0,1,92080.72,3
28.3,1,1,0,0,0,1,98767.24,3
32.0,2,3,0,1,0,0,106970.25,4
3.1,3,1,1,0,0,1,72704.83,1
1.1000000000000014,1,1,0,0,1,0,41502.5,0
1.5,3,2,0,0,0,1,76776.38,2
14.2,1,1,0,0,1,0,65199.82,1
36.8,2,0,0,0,0,1,112234.77,4
10.1,1,0,0,0,0,1,60150.85,0
21.0,2,2,1,0,0,1,96478.01,3
12.1,1,1,1,1,0,0,59302.61,0
10.2,1,0,1,0,1,0,58389.73,0
1.9,2,3,0,0,1,0,63994.91,1
20.1,1,1,0,0,1,0,80008.03,2
9.0,2,1,1,1,0,0,66085.57,1
14.5,3,2,0,0,1,0,82296.94,2
24.2,2,3,1,0,1,0,98935.32,3
1.0,1,2,0,0,1,0,49178.57,0
12.7,3,2,1,0,1,0,82589.91,2
17.799999999999997,2,1,0,1,0,0,77945.86,2
14.4,3,2,0,0,1,0,94701.44,3
2.1,3,1,0,0,1,0,55390.52,0
11.0,2,0,1,0,0,1,69853.89,1
27.9,4,2,1,0,0,1,130385.67,4
17.0,3,1,0,1,0,0,76791.08,2
9.8,1,1,0,0,1,0,61375.25,0
6.3,1,3,1,0,1,0,73034.21,1
19.7,1,0,0,0,0,1,78611.57,2
27.7,4,2,0,0,0,1,119527.4,4
27.4,3,3,0,0,1,0,119873.03,4
7.9,1,1,0,0,1,0,55678.31,0
29.1,2,0,1,0,0,1,103523.68,4
12.0,3,3,1,0,1,0,101675.73,4
22.4,2,1,0,0,0,1,98803.97,3
23.0,1,1,1,0,1,0,71203.66,1
25.799999999999997,1,0,0,0,1,0,80173.36,2
33.1,5,1,0,0,0,1,132007.5,4
24.6,1,2,1,0,0,1,89951.92,3
16.7,1,1,0,0,1,0,68381.24,1
23.8,2,1,0,0,0,1,99425.23,3
3.8000000000000007,4,1,0,0,1,0,71588.17,1
0.0,3,1,1,0,1,0,61317.72,0
4.0,1,1,0,0,1,0,62667.32,0
1.7,2,2,0,0,1,0,58366.32,0
13.6,2,0,1,0,0,1,74978.59,2
18.4,3,1,0,1,0,0,81006.55,2
9.9,3,2,0,0,1,0,83557.88,2
16.6,3,1,0,1,0,0,89283.35,3
27.5,1,0,0,1,0,0,89717.38,3
10.6,1,1,0,0,0,1,59485.59,0
15.0,1,2,0,0,1,0,71431.54,1
20.8,1,1,0,1,0,0,75881.42,2
8.7,2,1,1,0,1,0,69830.28,1
11.9,3,1,0,0,1,0,75716.16,2
0.0,3,1,0,1,0,0,57943.37,0
0.0,5,2,1,0,1,0,80673.76,2
27.8,2,1,0,0,0,1,105375.5,4
30.6,2,2,0,0,0,1,112124.84,4
0.6,3,1,0,0,1,0,55170.34,0
6.5,2,1,0,0,0,1,61459.7,0
28.9,2,2,0,0,1,0,105825.51,4
17.9,1,0,1,0,0,1,72819.1,1
12.3,1,2,0,0,0,1,74885.31,2
22.0,2,1,0,0,1,0,76134.12,2
32.6,2,1,1,1,0,0,108641.01,4
15.7,4,2,1,0,0,1,101427.66,4
0.0,2,1,1,0,1,0,58755.22,0
13.1,2,1,1,1,0,0,69079.13,1
26.0,2,1,0,1,0,0,95107.99,3
29.2,2,0,0,0,1,0,97623.72,3
0.0,2,3,0,0,1,0,55021.46,0
19.8,4,1,0,0,1,0,104034.49,4
19.4,3,1,1,1,0,0,93253.14,3
10.5,3,2,1,0,0,1,92598.32,3
30.700000000000003,2,3,1,1,0,0,117346.85,4
16.8,2,1,1,1,0,0,73613.52,1
20.1,2,2,0,0,0,1,91773.21,3
12.6,1,1,0,0,0,1,74262.58,1
10.7,2,1,0,0,1,0,72061.82,1
16.8,1,0,0,1,0,0,67184.31,1
29.6,5,1,0,1,0,0,123075.15,4
10.200000000000003,3,1,0,0,1,0,81001.11,2
17.7,2,3,1,0,1,0,87092.3,3
19.6,2,3,0,0,1,0,95915.75,3
2.9,3,0,1,0,1,0,59080.1,0
19.8,3,2,0,0,1,0,100718.37,4
10.3,2,1,0,0,0,1,86594.62,3
6.1,3,1,0,0,1,0,84148.14,2
34.1,4,2,0,1,0,0,124572.9,4
26.8,4,2,1,1,0,0,124617.22,4
23.5,4,1,0,0,0,1,109175.92,4
0.0,1,3,0,0,0,1,47459.79,0
5.399999999999999,3,1,0,0,0,1,66110.17,1
14.2,1,0,1,1,0,0,62922.1,1
16.4,2,1,1,0,0,1,80738.64,2
12.299999999999997,1,1,0,0,1,0,60793.67,0
4.4,4,1,0,0,0,1,82999.29,2
4.0,3,1,0,0,1,0,60526.42,0
6.3,1,1,0,0,0,1,61971.48,0
6.7,2,1,0,0,1,0,58844.7,0
10.2,5,1,0,1,0,0,88052.87,3
1.7,5,2,1,0,1,0,78984.39,2
0.0,3,3,0,1,0,0,67409.01,1
22.3,1,2,0,1,0,0,84820.55,2
19.6,3,1,1,1,0,0,102920.94,4
0.0,2,1,0,1,0,0,49598.91,0
6.9,3,1,1,0,1,0,82650.81,2
21.0,4,1,0,0,1,0,95937.29,3
15.1,3,1,0,1,0,0,85583.22,3
24.7,1,2,0,0,0,1,88949.58,3
18.4,2,0,1,1,0,0,77894.05,2
15.5,1,0,1,0,1,0,55170.29,0
26.9,1,1,1,1,0,0,84235.55,2
23.3,1,2,0,1,0,0,91521.17,3
16.5,4,3,1,0,1,0,119551.42,4
25.6,4,2,1,1,0,0,114248.96,4
30.0,2,0,0,1,0,0,101500.62,4
12.1,4,3,0,0,0,1,97670.33,3
5.4,4,1,1,0,1,0,75872.49,2
0.0,1,0,0,1,0,0,39122.98,0
23.299999999999997,4,1,0,1,0,0,98572.69,3
8.4,1,2,0,1,0,0,66845.62,1
25.6,4,2,0,1,0,0,122786.92,4
13.0,2,1,1,0,0,1,78202.04,2
15.299999999999997,1,1,1,1,0,0,67784.93,1
22.8,2,1,1,0,1,0,82998.84,2
0.0,1,3,0,1,0,0,52044.25,0
20.9,2,1,0,1,0,0,84657.39,2
13.8,2,2,0,0,0,1,76621.19,2
14.1,1,1,0,0,0,1,75755.39,2
0.0,4,1,0,0,1,0,53019.58,0
12.5,2,2,0,0,0,1,82109.69,2
6.0,3,1,0,1,0,0,67818.74,1
19.0,2,1,0,0,1,0,92203.56,3
11.0,2,0,0,1,0,0,75044.3,2
9.4,1,2,1,0,0,1,74683.61,2
11.6,1,3,0,0,0,1,84267.44,2
23.6,4,1,0,1,0,0,105764.67,4
10.5,4,1,1,0,0,1,100160.25,4
33.4,1,2,1,0,1,0,104846.48,4
0.0,1,1,0,0,1,0,46247.37,0
12.5,3,1,1,0,1,0,83884.24,2
20.0,1,2,1,0,1,0,86460.17,3
14.4,3,2,0,0,1,0,84603.1,2
0.0,1,1,0,0,1,0,39966.9,0
17.4,1,2,0,0,0,1,78381.49,2
3.2,1,1,0,1,0,0,48748.22,0
10.5,1,1,1,0,1,0,65353.26,1
11.4,4,0,0,1,0,0,82947.88,2
13.2,4,1,0,1,0,0,85786.03,3
20.6,3,1,1,0,0,1,89274.41,3
26.1,3,1,0,0,0,1,107111.22,4
2.6,4,1,1,1,0,0,72457.18,1
6.1,2,2,0,0,1,0,53438.81,0
0.0,1,2,0,0,1,0,48048.12,0
13.600000000000001,5,1,0,0,1,0,100038.81,4
10.0,3,3,1,0,1,0,90984.04,3
26.1,4,0,1,0,1,0,110918.89,4
20.9,1,1,1,0,1,0,80281.11,2
28.4,5,1,0,1,0,0,121747.68,4
25.2,4,1,0,0,1,0,120421.98,4
15.7,1,1,0,0,1,0,66741.08,1
20.2,1,2,0,0,0,1,85399.02,2
13.7,1,0,1,1,0,0,61103.86,0
0.0,1,0,0,1,0,0,31882.99,0
7.9,1,2,1,0,0,1,70409.13,1
2.6,3,1,0,0,1,0,57974.0,0
33.2,1,0,0,0,1,0,95461.14,3
0.0,1,1,1,0,0,1,52840.04,0
7.4,2,3,0,0,1,0,69300.07,1
21.3,2,3,0,0,1,0,93089.57,3
26.3,3,2,0,0,1,0,116339.02,4
0.0,3,1,1,0,1,0,67280.52,1
34.6,1,0,0,1,0,0,95136.19,3
23.4,2,1,0,0,1,0,94245.6,3
16.8,2,2,0,0,1,0,84771.45,2
6.9,2,2,0,1,0,0,52425.95,0
25.0,1,2,0,1,0,0,100736.9,4
10.4,2,1,0,0,0,1,71438.79,1
15.700000000000003,1,0,0,0,1,0,70756.74,1
13.1,5,1,0,0,0,1,111127.98,4
23.3,4,1,0,0,1,0,107464.66,4
14.5,4,0,0,0,0,1,95114.89,3
34.0,1,1,0,0,1,0,97287.36,3
31.5,1,1,1,0,0,1,105083.86,4
18.1,1,2,0,0,0,1,85284.79,2
13.3,2,0,1,1,0,0,64577.82,1
15.0,1,1,0,0,1,0,71659.43,1
16.2,3,1,0,1,0,0,80381.69,2
10.1,2,1,0,0,0,1,73166.59,1
25.6,3,1,0,0,0,1,112554.61,4
14.4,3,1,0,1,0,0,86308.6,3
0.0,2,0,1,0,1,0,49968.65,0
8.5,3,1,1,0,1,0,68209.11,1
4.2,4,1,1,0,0,1,79539.17,2
5.1,1,1,0,0,1,0,47565.63,0
13.1,1,1,0,0,0,1,68234.36,1
0.8,4,3,1,0,0,1,78887.93,2
35.4,3,2,0,0,0,1,137272.73,4
10.100000000000001,2,2,0,1,0,0,69602.63,1
0.0,2,1,0,0,1,0,57164.12,0
27.1,2,1,1,0,0,1,109879.65,4
20.200000000000003,2,2,0,1,0,0,80995.84,2
6.5,3,1,0,0,0,1,85367.09,2
0.0,2,1,0,0,1,0,56877.62,0
26.8,2,1,0,0,0,1,94400.1,3
20.0,1,1,1,0,1,0,78155.69,2
3.8,2,3,0,1,0,0,64139.53,1
6.8,2,1,0,0,1,0,57638.56,0
33.0,2,2,1,1,0,0,116289.74,4
20.4,3,3,0,1,0,0,100307.32,4
9.8,3,3,1,0,0,1,95357.68,3
5.4,2,1,1,1,0,0,61714.93,0
17.8,3,1,1,1,0,0,100722.21,4
21.0,1,2,0,0,0,1,79723.85,2
8.8,2,2,0,0,1,0,68408.59,1
6.100000000000001,2,0,1,1,0,0,48656.63,0
8.4,1,3,0,0,0,1,81588.47,2
11.8,1,2,0,0,1,0,64227.97,1
5.8,3,2,1,1,0,0,67267.68,1
29.3,2,1,0,1,0,0,101784.3,4
8.9,1,1,0,1,0,0,57892.63,0
0.5,2,1,1,0,1,0,53129.52,0
0.3,3,1,0,1,0,0,74314.64,1
26.6,2,0,1,0,1,0,94701.67,3
1.7,3,1,0,0,1,0,62371.57,0
12.2,1,0,0,0,1,0,61335.54,0
11.600000000000001,1,2,0,0,1,0,63070.72,1
22.8,1,3,0,0,0,1,87881.69,3
15.5,1,1,0,0,0,1,74358.82,1
21.7,2,1,1,0,1,0,89769.74,3
7.0,3,1,1,0,1,0,73184.3,1
8.8,2,2,1,0,1,0,74361.69,1
0.0,1,2,0,0,1,0,44778.31,0
13.6,1,3,0,0,0,1,81393.78,2
24.9,2,1,0,0,1,0,95167.28,3
0.5,5,2,0,1,0,0,85372.58,2
18.5,3,1,0,0,0,1,98731.51,3
13.5,4,2,1,0,0,1,92724.94,3
17.1,3,1,0,1,0,0,91838.01,3
23.4,3,1,0,0,1,0,91941.46,3
11.7,2,1,0,0,0,1,73007.82,1
20.9,2,2,0,0,0,1,92019.62,3
8.7,2,3,0,0,0,1,75975.75,2
26.700000000000003,2,1,0,0,1,0,98300.39,3
1.8,3,1,1,0,0,1,74523.53,2
14.6,4,2,0,1,0,0,85712.38,3
17.7,3,2,0,1,0,0,89932.39,3
20.1,1,1,0,0,1,0,76437.38,2
34.1,1,0,0,0,1,0,94736.22,3
14.9,3,2,0,1,0,0,75214.18,2
9.3,1,2,0,1,0,0,64418.99,1
0.0,3,2,0,0,1,0,57903.08,0
10.5,3,2,0,0,0,1,87841.97,3
0.4,1,1,1,0,0,1,50369.32,0
13.4,2,0,0,0,0,1,75810.21,2
21.7,1,2,1,1,0,0,88527.65,3
20.7,3,2,0,0,0,1,99622.62,3
19.6,4,1,0,0,1,0,107973.31,4
28.1,4,0,1,0,1,0,117612.47,4
11.700000000000003,2,1,0,0,0,1,75933.3,2
23.1,1,1,0,1,0,0,78738.68,2
32.6,2,2,1,0,1,0,106049.28,4
13.8,2,1,0,0,1,0,63899.81,1
0.0,1,3,0,0,1,0,46165.96,0
2.6000000000000014,2,1,0,0,0,1,68172.85,1
20.4,2,1,0,1,0,0,81144.22,2
0.0,4,1,0,0,0,1,73499.5,1
17.5,2,0,1,0,0,1,77405.51,2
8.1,1,3,0,0,1,0,64996.7,1
26.2,2,1,0,0,0,1,93625.7,3
0.0,1,1,1,1,0,0,43983.79,0
17.3,3,0,1,0,0,1,90754.6,3
0.6,2,1,0,0,0,1,46444.4,0
2.4,1,1,1,0,1,0,48680.88,0
1.4,2,1,1,0,1,0,61183.4,0
7.5,1,1,0,1,0,0,62273.89,0
22.6,1,0,1,0,0,1,88396.05,3
30.7,1,3,0,0,0,1,111070.22,4
17.1,4,2,0,0,1,0,111659.55,4
19.3,3,1,0,1,0,0,92055.31,3
15.0,4,1,0,1,0,0,91365.51,3
12.1,1,1,0,1,0,0,58049.43,0
12.1,5,1,1,1,0,0,102500.14,4
29.4,5,1,1,1,0,0,130566.73,4
14.7,3,1,1,1,0,0,90398.11,3
11.3,4,2,0,0,0,1,83669.33,2
23.4,4,1,0,0,1,0,103628.75,4
13.4,3,2,0,0,0,1,96008.47,3
0.0,2,0,0,1,0,0,41295.19,0
17.9,3,1,1,0,0,1,98035.24,3
11.7,3,2,1,1,0,0,85337.39,2
13.9,2,0,1,0,1,0,75396.67,2
28.1,2,1,0,1,0,0,107543.91,4
20.0,5,2,0,0,1,0,109003.93,4
4.3,3,2,0,0,0,1,78450.65,2
21.5,2,2,0,1,0,0,93211.88,3
32.0,1,1,1,0,1,0,96679.77,3
38.3,2,1,0,0,1,0,119922.65,4
0.1,1,0,0,1,0,0,39657.37,0
6.4,3,1,0,0,1,0,67289.58,1
5.8,1,1,0,0,1,0,53281.23,0
34.8,3,1,0,1,0,0,114752.98,4
24.9,2,2,0,0,0,1,107249.93,4
9.4,1,1,0,0,0,1,65059.88,1
11.6,1,0,0,1,0,0,53151.4,0
11.299999999999997,3,1,0,0,1,0,84589.16,2
4.8,3,2,0,0,0,1,68060.23,1
7.0,3,0,0,0,0,1,72134.25,1
21.1,3,0,0,0,1,0,92944.95,3
10.5,2,1,1,0,0,1,71193.65,1
20.4,2,1,0,0,1,0,83654.0,2
19.4,1,1,1,1,0,0,76282.69,2
3.0,1,0,0,0,0,1,47467.66,0
2.6,3,0,1,0,0,1,64389.66,1
12.9,2,2,1,0,1,0,77535.3,2
15.100000000000001,3,1,0,0,0,1,82797.1,2
4.4,1,2,1,1,0,0,63641.17,1
29.7,3,1,0,0,0,1,117525.91,4
16.9,1,2,1,0,0,1,79964.58,2
6.9,1,1,0,1,0,0,48429.58,0
0.0,5,2,0,0,1,0,89346.22,3
27.799999999999997,3,0,0,0,0,1,111825.85,4
18.5,2,1,0,0,1,0,80228.42,2
15.6,2,1,0,1,0,0,86766.85,3
24.5,4,3,1,1,0,0,114689.85,4
13.0,2,2,0,1,0,0,72178.27,1
0.0,1,2,0,1,0,0,56016.42,0
5.8,4,0,0,0,1,0,69841.38,1
0.0,2,2,0,0,1,0,57647.41,0
25.5,4,1,0,0,0,1,108660.49,4
15.9,2,3,0,1,0,0,89634.55,3
6.4,2,1,1,0,1,0,62037.54,0
18.5,3,3,1,0,1,0,107031.75,4
8.9,1,2,0,0,1,0,64833.77,1
12.1,1,2,0,0,1,0,67831.12,1
1.9,1,3,0,0,1,0,57778.74,0
15.9,4,1,0,0,1,0,100130.95,4
17.1,4,2,0,0,0,1,110965.35,4
25.0,1,0,0,1,0,0,87045.39,3
9.399999999999999,5,2,0,0,1,0,96852.83,3
2.5,1,2,0,0,1,0,61287.44,0
8.3,4,0,0,0,1,0,73155.31,1
8.0,3,0,1,1,0,0,81666.45,2
0.0,4,1,1,1,0,0,66755.03,1
11.600000000000001,4,1,0,0,1,0,86067.08,3
7.8,1,0,1,0,1,0,60737.95,0
29.9,2,3,0,0,1,0,110896.19,4
15.0,1,2,1,0,1,0,70402.09,1
3.2,1,1,0,1,0,0,51650.16,0
0.0,3,1,0,0,1,0,60720.83,0
14.2,2,1,1,1,0,0,78084.95,2
0.0,3,1,0,0,0,1,70192.66,1
19.1,1,1,1,0,0,1,74790.73,2
1.2,1,1,0,1,0,0,48840.98,0
22.9,1,3,0,1,0,0,92066.43,3
35.4,1,1,0,0,1,0,97827.32,3
31.0,2,1,0,0,0,1,118118.63,4
16.6,2,2,0,0,1,0,83356.29,2
12.1,2,2,1,0,0,1,77653.76,2
9.1,2,0,0,1,0,0,63513.37,1
19.3,2,0,0,0,0,1,81165.53,2
0.0,3,1,0,0,1,0,57062.0,0
3.3,4,1,1,0,1,0,86575.33,3
12.5,2,0,0,0,1,0,64840.78,1
12.4,3,1,0,0,1,0,76155.2,2
35.7,3,0,1,0,0,1,124939.06,4
16.3,3,1,1,1,0,0,90304.13,3
14.8,4,1,0,0,1,0,91221.83,3
11.0,1,1,0,0,0,1,55791.17,0
5.2,1,1,0,0,1,0,43253.18,0
35.7,3,2,0,0,1,0,120999.19,4
0.0,3,1,1,1,0,0,64203.62,1
0.0,1,1,1,0,0,1,50775.37,0
35.1,1,1,1,1,0,0,107370.4,4
12.2,1,0,0,0,0,1,71057.96,1
22.5,1,2,1,1,0,0,79921.83,2
6.4,3,3,0,1,0,0,79779.46,2
27.0,4,0,0,1,0,0,103547.22,4
5.6,5,2,1,0,0,1,94440.88,3
2.0,4,1,1,1,0,0,61944.68,0
3.7,5,0,0,0,1,0,70720.26,1
29.4,1,1,0,0,1,0,93864.95,3
17.1,2,1,0,1,0,0,86071.15,3
1.7,1,2,0,0,0,1,53766.31,0
15.7,1,2,0,0,0,1,74322.07,1
1.7,1,1,1,0,1,0,45844.54,0
15.9,4,2,1,0,1,0,97283.8,3
15.5,1,2,1,1,0,0,75755.82,2
16.5,2,1,0,0,1,0,77282.13,2
14.5,1,2,0,0,0,1,74287.17,1
10.6,2,1,0,0,0,1,83928.19,2
18.8,1,1,0,0,1,0,78204.11,2
4.800000000000001,3,2,0,1,0,0,72458.42,1
0.0,4,3,1,1,0,0,76602.04,2
28.2,1,2,1,0,1,0,95979.37,3
29.5,1,1,1,0,1,0,104331.64,4
24.3,2,2,0,1,0,0,93444.38,3
24.5,1,1,0,0,1,0,82008.1,2
20.6,1,0,0,0,1,0,63685.62,1
14.8,3,1,0,1,0,0,81580.39,2
3.6,3,0,0,0,0,1,62910.13,1
3.3,2,1,0,0,1,0,61274.7,0
28.200000000000003,3,2,1,0,0,1,125713.13,4
0.0,4,3,0,0,1,0,76131.0,2
2.3,2,2,1,0,1,0,52889.23,0
4.3,5,0,0,0,1,0,73733.31,1
10.8,1,2,1,1,0,0,72410.92,1
1.3,1,1,0,0,1,0,43672.06,0
4.9,2,1,1,1,0,0,65125.26,1
24.5,3,2,0,0,1,0,104088.66,4
8.3,1,0,0,1,0,0,55558.32,0
32.1,3,1,0,1,0,0,122264.6,4
19.2,2,1,1,0,0,1,89234.41,3
19.4,1,2,0,0,1,0,79074.05,2
12.0,3,1,0,0,1,0,78942.33,2
8.8,2,1,1,0,0,1,69752.32,1
26.4,4,0,1,0,1,0,106868.23,4
0.0,1,1,0,1,0,0,40953.03,0
35.9,1,0,1,1,0,0,97537.24,3
16.6,2,0,0,0,1,0,78736.39,2
32.0,4,1,0,1,0,0,124206.41,4
22.200000000000003,4,3,1,1,0,0,118970.07,4
0.5,1,0,0,0,1,0,39796.27,0
6.1,1,1,0,0,0,1,50709.48,0
20.1,3,0,1,0,0,1,97514.66,3
17.5,2,3,1,0,1,0,89678.23,3
14.8,3,2,0,0,1,0,82170.18,2
0.0,3,1,0,0,1,0,65788.08,1
20.9,2,2,0,0,1,0,89559.53,3
0.0,3,1,1,0,1,0,55857.18,0
18.0,3,3,1,0,1,0,93090.65,3
19.1,3,0,0,0,0,1,94727.35,3
0.0,3,1,0,1,0,0,57517.91,0
26.7,3,1,1,0,1,0,113534.86,4
18.2,1,2,1,0,1,0,82813.17,2
20.7,1,1,1,0,1,0,78357.1,2
19.2,1,0,0,0,0,1,72255.31,1
0.0,1,1,0,0,1,0,43905.51,0
6.6,4,1,1,0,0,1,92755.84,3
23.6,5,2,0,1,0,0,114641.54,4
16.4,1,0,0,0,0,1,70850.92,1
23.3,3,2,0,0,0,1,108263.44,4
0.0,2,3,1,1,0,0,60072.64,0
1.3000000000000007,1,1,0,0,1,0,46861.87,0
40.0,1,2,0,1,0,0,117090.91,4
12.3,1,0,0,1,0,0,59373.93,0
20.3,3,3,1,1,0,0,108885.65,4
19.3,4,1,0,0,0,1,89774.48,3
15.6,3,2,1,0,0,1,100123.65,4
16.4,1,2,0,0,1,0,79444.23,2
16.8,1,1,1,0,1,0,72083.49,1
15.4,2,0,0,1,0,0,66257.3,1
2.5,2,1,1,1,0,0,57495.77,0
21.0,1,3,0,0,1,0,87288.95,3
15.5,4,1,0,0,1,0,83706.54,2
4.0,2,0,1,1,0,0,54849.45,0
0.8,2,0,0,0,1,0,38279.75,0
15.1,2,1,1,0,1,0,83962.89,2
4.8,4,2,1,0,0,1,77753.9,2
21.4,2,3,0,0,0,1,101582.7,4
4.800000000000001,4,0,1,0,0,1,73651.58,1
0.7,2,0,0,0,1,0,42082.83,0
18.7,4,0,1,1,0,0,93212.63,3
23.299999999999997,1,2,0,0,0,1,91315.99,3
26.1,1,1,0,0,1,0,88144.09,3
21.3,2,1,1,1,0,0,84920.94,2
9.1,4,1,0,1,0,0,93999.83,3
14.2,4,1,0,1,0,0,85431.11,3
2.0,1,2,1,0,0,1,54695.58,0
10.7,2,1,0,0,0,1,70803.13,1
21.3,2,1,1,1,0,0,84036.63,2
14.1,5,1,1,0,1,0,97940.76,3
20.6,2,1,0,0,1,0,83835.97,2
1.0,5,0,0,0,1,0,65328.78,1
0.0,2,1,0,0,1,0,59248.23,0
10.3,3,0,1,0,0,1,76543.9,2
8.3,3,1,0,0,1,0,75229.31,2
12.6,2,1,1,0,0,1,86167.84,3
19.8,3,0,0,0,0,1,90348.72,3
22.0,4,3,0,1,0,0,111978.36,4
10.5,2,1,0,0,0,1,76151.22,2
19.6,3,1,1,0,0,1,113901.63,4
9.8,1,1,1,0,0,1,79530.8,2
11.0,3,2,0,1,0,0,83314.44,2
21.5,5,0,0,1,0,0,114219.36,4
2.4,4,0,0,0,1,0,67033.82,1
23.8,1,0,0,0,0,1,83459.08,2
0.0,3,0,0,1,0,0,57479.89,0
15.6,2,0,0,1,0,0,75447.79,2
29.8,2,2,0,1,0,0,104426.6,4
6.3,2,2,1,0,0,1,69762.0,1
7.4,3,3,0,1,0,0,76776.48,2
15.200000000000003,1,1,0,0,1,0,68808.17,1
4.8,2,1,0,0,0,1,74808.8,2
14.1,1,1,1,0,1,0,72070.91,1
20.6,4,1,0,0,0,1,114491.64,4
11.0,1,0,1,0,1,0,62292.05,0
0.0,1,1,0,0,1,0,36209.04,0
21.1,2,1,1,0,0,1,95683.63,3
8.9,3,3,0,0,0,1,85408.67,2
39.0,2,2,1,0,1,0,121824.83,4
28.8,2,1,0,1,0,0,96727.53,3
9.9,1,1,1,0,1,0,62865.38,1
19.1,3,3,0,0,1,0,102013.61,4
5.1,2,1,0,0,0,1,62806.41,1
23.0,3,1,0,0,0,1,96703.74,3
19.3,2,1,0,0,0,1,79209.36,2
27.1,4,0,1,0,1,0,108766.77,4
2.0,1,2,1,0,0,1,49994.84,0
10.8,3,1,0,0,1,0,93754.81,3
34.1,4,1,0,1,0,0,138495.82,4
32.6,1,1,1,1,0,0,106067.35,4
8.9,4,2,0,1,0,0,86817.16,3
0.0,2,0,0,0,1,0,47571.1,0
10.7,2,2,0,0,1,0,76535.42,2
9.8,1,2,0,0,1,0,59762.63,0
21.5,4,2,0,1,0,0,112681.5,4
20.9,3,2,0,0,1,0,97860.91,3
6.2,4,0,0,0,1,0,70413.14,1
7.6,3,2,0,1,0,0,75332.83,2
5.6,2,1,0,0,0,1,67153.55,1
7.9,2,2,1,0,0,1,81266.35,2
13.6,4,0,1,1,0,0,98887.81,3
8.7,2,1,0,0,1,0,63844.82,1
1.3,1,1,0,1,0,0,44015.36,0
24.0,2,1,1,1,0,0,91899.45,3
2.4,4,1,0,0,1,0,63494.14,1
13.2,1,1,0,0,0,1,66926.36,1
4.1,2,0,0,0,0,1,62084.26,0
24.6,2,0,0,0,0,1,95284.6,3
23.3,2,1,0,0,0,1,105721.05,4
9.5,1,1,0,0,1,0,55166.9,0
27.4,3,1,0,0,1,0,104130.36,4
24.2,4,1,1,1,0,0,110186.07,4
4.2,2,1,0,0,0,1,68369.9,1
16.2,2,2,0,1,0,0,81192.89,2
14.0,3,2,0,0,1,0,85963.64,3
7.2,2,3,1,0,1,0,82744.28,2
0.9,2,1,0,1,0,0,58421.94,0
22.6,2,0,0,0,1,0,86699.84,3
21.3,3,1,0,0,1,0,99678.21,3
9.700000000000003,2,2,0,1,0,0,78228.14,2
6.2,1,1,0,0,0,1,55049.19,0
10.0,2,1,1,1,0,0,73255.94,1
7.4,4,0,0,0,1,0,81167.89,2
22.5,1,1,1,0,0,1,84069.52,2
7.3,2,2,0,0,1,0,68566.92,1
14.5,1,1,0,0,0,1,85004.42,2
2.4,3,0,0,0,0,1,69323.75,1
13.7,2,1,1,1,0,0,78919.85,2
0.0,1,1,0,0,0,1,46689.91,0
23.9,3,1,1,1,0,0,99891.84,4
1.5,5,2,0,1,0,0,85239.13,2
0.6,1,2,1,0,0,1,53016.28,0
23.5,1,3,1,0,0,1,104437.76,4
5.5,1,2,0,0,0,1,60737.7,0
16.299999999999997,3,2,0,0,0,1,101691.26,4
20.1,1,1,0,0,1,0,77860.84,2
11.7,1,1,0,0,0,1,71465.62,1
11.6,3,2,1,0,0,1,86911.67,3
7.7,2,1,1,0,1,0,70875.19,1
11.1,2,1,0,0,0,1,75461.9,2
27.1,5,0,0,1,0,0,123558.33,4
7.9,3,2,1,0,1,0,81438.36,2
6.4,1,1,0,0,1,0,58578.09,0
4.6,1,1,1,0,1,0,52309.21,0
36.4,2,0,1,0,1,0,115036.02,4
4.0,3,3,0,0,0,1,78379.6,2
8.5,1,2,1,1,0,0,64882.35,1
0.0,2,1,0,0,1,0,48514.37,0
21.7,3,1,0,0,1,0,96753.29,3
32.4,1,1,1,0,1,0,95148.23,3
7.100000000000001,3,0,0,0,1,0,74903.3,2
0.0,4,1,0,0,1,0,66219.53,1
0.1,3,1,0,0,0,1,63562.68,1
32.3,1,2,0,0,1,0,106923.16,4
0.0,1,2,0,1,0,0,50940.3,0
0.0,1,2,0,1,0,0,44435.01,0
33.3,4,0,0,0,0,1,128335.94,4
23.2,3,1,1,0,0,1,108638.95,4
2.9,2,1,1,0,1,0,46431.34,0
13.6,2,3,1,1,0,0,89063.19,3
33.3,3,3,1,0,0,1,119324.87,4
7.7,2,1,0,1,0,0,58775.1,0
21.8,1,2,1,0,0,1,90443.17,3
13.4,3,2,1,1,0,0,94475.66,3
0.0,4,1,0,0,0,1,75512.19,2
29.1,2,1,1,0,1,0,97324.29,3
10.5,2,2,0,0,0,1,75210.66,2
1.8,1,3,0,1,0,0,51001.88,0
27.9,5,3,0,0,1,0,134377.51,4
0.0,2,2,1,1,0,0,57941.52,0
12.8,4,0,1,0,1,0,92891.15,3
5.5,2,2,1,1,0,0,66494.96,1
17.9,1,1,0,0,1,0,81286.71,2
14.4,2,1,0,0,0,1,80490.59,2
9.3,1,1,0,0,1,0,62224.57,0
19.1,2,3,1,0,0,1,101693.18,4
28.5,2,3,1,1,0,0,114674.99,4
7.4,3,1,0,1,0,0,64299.1,1
6.9,3,2,1,0,0,1,82666.77,2
6.2,3,1,1,1,0,0,59572.28,0
12.7,4,3,0,0,1,0,101615.38,4
19.7,2,2,1,0,1,0,80746.28,2
33.6,1,1,0,1,0,0,102844.18,4
8.5,4,1,1,1,0,0,82049.12,2
14.4,4,2,1,1,0,0,99900.17,4
20.0,2,1,1,0,0,1,95013.89,3
17.700000000000003,2,2,1,0,0,1,94198.97,3
15.9,2,2,0,0,1,0,89801.49,3
33.0,2,1,1,1,0,0,107985.78,4
24.5,4,1,0,0,1,0,102025.42,4
22.0,1,0,0,0,1,0,89967.08,3
5.600000000000001,3,2,0,0,1,0,67449.9,1
23.3,1,1,1,0,0,1,93011.58,3
0.0,1,1,0,0,0,1,45306.98,0
14.0,1,2,0,0,1,0,78401.48,2
10.6,4,3,0,1,0,0,93740.66,3
20.9,5,2,0,0,1,0,113997.78,4
8.6,4,0,1,0,0,1,85678.01,3
2.5,1,1,1,1,0,0,48063.98,0
18.9,4,1,1,0,0,1,101702.37,4
27.0,2,1,1,1,0,0,100116.68,4
36.4,1,1,1,0,0,1,115912.57,4
19.2,2,1,0,1,0,0,86326.69,3
16.5,2,1,1,0,1,0,80965.65,2
6.0,2,1,1,0,1,0,55313.3,0
4.0,1,2,0,0,1,0,53921.2,0
30.5,4,2,0,0,1,0,122749.86,4
12.4,4,1,0,1,0,0,78367.23,2
11.3,3,1,0,0,1,0,70275.11,1
32.4,1,2,0,0,0,1,97838.01,3
19.3,3,2,0,1,0,0,98879.16,3
28.0,1,1,1,1,0,0,91197.81,3
13.399999999999999,2,3,1,0,0,1,89827.18,3
21.0,4,0,0,1,0,0,108286.2,4
17.8,1,0,0,0,1,0,66353.45,1
12.5,2,1,0,1,0,0,66879.73,1
20.4,2,2,0,0,1,0,94316.7,3
14.2,4,1,1,0,0,1,95886.32,3
13.9,4,3,0,1,0,0,104252.08,4
10.9,3,1,1,1,0,0,81983.99,2
6.9,2,1,1,0,1,0,59389.66,0
27.0,5,1,0,0,0,1,121601.18,4
3.4,1,2,0,0,1,0,48882.33,0
13.0,5,1,1,0,1,0,99032.93,3
14.9,4,1,1,1,0,0,102165.47,4
0.0,2,3,0,1,0,0,61969.31,0
3.3,1,1,0,1,0,0,52173.02,0
38.2,3,3,0,1,0,0,143069.77,4
21.4,3,1,0,0,1,0,98286.8,3
20.7,3,2,1,0,1,0,95476.65,3
24.3,4,2,0,0,1,0,108082.85,4
20.2,1,1,0,1,0,0,72550.08,1
25.6,1,3,0,1,0,0,92807.97,3
18.5,4,2,0,0,0,1,99896.71,4
3.6,2,1,1,0,1,0,58539.88,0
26.5,3,2,0,1,0,0,105387.9,4
5.0,1,2,0,0,0,1,68254.8,1
10.9,2,1,1,0,1,0,78778.82,2
12.3,1,1,0,1,0,0,62932.22,1
6.699999999999999,3,1,0,0,0,1,69866.28,1
5.2,1,1,1,0,0,1,52553.28,0
13.6,1,0,0,0,0,1,64234.67,1
4.600000000000001,3,1,0,1,0,0,70582.37,1
18.8,2,2,0,0,1,0,91510.93,3
12.7,4,2,1,0,1,0,100231.92,4
1.7,2,1,1,0,0,1,62704.77,0
19.4,2,1,0,0,1,0,83274.97,2
10.5,1,0,0,0,0,1,65184.25,1
19.6,3,1,0,0,0,1,89673.9,3
21.9,4,2,0,0,0,1,109767.18,4
17.2,2,3,0,0,0,1,93028.66,3
40.0,2,2,1,1,0,0,124935.72,4
21.799999999999997,2,0,1,0,0,1,93045.31,3
24.0,1,1,1,0,1,0,79203.58,2
0.5,3,1,1,0,0,1,68627.93,1
4.8,2,1,1,0,0,1,60632.83,0
18.5,5,0,0,0,1,0,100040.09,4
9.0,1,1,1,0,0,1,74826.12,2
27.0,3,1,0,0,1,0,104781.62,4
5.3,4,0,0,0,0,1,74766.99,2
0.0,3,1,0,1,0,0,59418.31,0
0.0,2,3,0,1,0,0,59167.45,0
31.4,2,2,0,0,1,0,117370.83,4
17.7,2,2,0,0,1,0,85588.26,3
19.9,3,2,0,0,1,0,99866.77,4
11.8,2,1,0,1,0,0,60954.32,0
0.0,5,1,0,0,1,0,72833.93,1
2.8,2,1,0,1,0,0,61993.53,0
4.5,4,2,0,0,1,0,71584.16,1
4.7,1,1,1,0,0,1,50420.81,0
11.1,3,2,0,0,0,1,92173.87,3
5.9,5,0,0,0,1,0,81310.19,2
18.2,5,1,0,1,0,0,105920.96,4
1.3,2,1,1,1,0,0,61710.68,0
10.1,2,1,0,0,1,0,63776.49,1
17.5,1,0,1,0,1,0,60059.95,0
16.4,1,2,0,1,0,0,71115.48,1
12.3,1,1,0,1,0,0,53965.27,0
7.3,2,2,0,0,1,0,68311.71,1
7.3,3,1,1,0,1,0,73816.15,1
10.5,1,1,1,0,0,1,67423.57,1
4.4,3,1,0,0,0,1,70086.73,1
21.1,2,2,1,1,0,0,99731.07,4
28.3,1,1,0,0,1,0,90625.03,3
17.0,1,1,0,1,0,0,63770.02,1
2.5,4,1,0,0,1,0,66385.24,1
19.8,4,1,1,0,1,0,108129.03,4
16.3,4,1,0,0,1,0,97764.01,3
9.0,4,1,0,0,0,1,81845.14,2
18.1,5,2,0,0,0,1,119884.47,4
